Nom,Nom_Alternatif,Ville,URL,Email
Croix-Rouge Insertion - Logiscité,Croix-Rouge Insertion - Logiscité,Pantin,https://cler.org/outils/offresemploi/croix-rouge-insertion-logiscite-2/,caroline.ferrero@croix-rouge.fr
Agence Locale de l'Energie et du Climat - Maitrisez Vot [...],Agence Locale de l'Energie et du Climat - Maitrisez Vot [...],Montreuil,https://cler.org/outils/offresemploi/mve-maitrisez-votre-energie-5/,recrutement@agence-mve.org
SAELEN ENERGIE,SAELEN ENERGIE,STE HELENE DU LAC,https://cler.org/outils/offresemploi/technico-commercial-sud-est-nord-est-hf/,contact@saelen-energie.fr
FD CIVAM 44,FD CIVAM 44,SAFFRE,https://cler.org/outils/offresemploi/fdcivam-4/,info@fdcivam44.org
SOliHA Normandie Seine / Agence Eure-et-Loir,SOliHA Normandie Seine / Agence Eure-et-Loir,Luisant,https://cler.org/outils/offresemploi/conseiller-e-energie-3/,s.leroy@soliha.fr
Réseau Action Climat,Réseau Action Climat,MONTREUIL,https://cler.org/outils/offresemploi/reseau-action-climat-france-11/,recrutement@reseauactionclimat.org
Ateliers de la Bergerette,Ateliers de la Bergerette,Beauvais,https://cler.org/outils/offresemploi/ateliers-de-la-bergerette-3/,embauche@ateliers-bergerette.org
ALEC OUEST ESSONNE,ALEC OUEST ESSONNE,Palaiseau,https://cler.org/outils/offresemploi/agence-locale-de-lenergie-et-du-climat-ouest-essonne-alec-ouest-essonne-5/,cie@alecoe.fr
PETR du Pays Midi-Quercy,PETR du Pays Midi-Quercy,NEGREPELISSE,https://cler.org/outils/offresemploi/conseiller-e-en-renovation-thermique-de-lhabitat/,habitat-paysmidiquercy@info82.com
Agence Locale de l'Energie et du Climat,Agence Locale de l'Energie et du Climat,LORIENT,https://cler.org/outils/offresemploi/aloen-agence-locale-de-lenergie-de-bretagne-sud-2/,pierrelerouzic@aloen.fr
SIEEEN,SIEEEN,NEVERS,https://cler.org/outils/offresemploi/conseiller-ere-en-energie-partage-cep/,ressources.humaines@sieeen.fr
ENERCOOP AQUITAINE,ENERCOOP AQUITAINE,Bordeaux,https://cler.org/outils/offresemploi/stage-charge-e-de-developpement-commercial-aupres-des-professionnels/,recrutement.aqui@enercoop.org
SIEEEN,SIEEEN,NEVERS,https://cler.org/outils/offresemploi/charge-e-de-mission-groupement-achat-energies/,ressources.humaines@sieeen.fr
EPICES Energie filiale d'HESPUL (association),EPICES Energie filiale d'HESPUL (association),LYON,https://cler.org/outils/offresemploi/developpeur-se-web-fullstack/,recrutement@gederra.fr
Fédération nationale des collectivités concédantes et r [...],Fédération nationale des collectivités concédantes et r [...],PARIS,https://cler.org/outils/offresemploi/chef-fe-de-projet-animation-du-programme-actee2-action-des-collectivites-territoriales-pour-lefficacite-energetique-2/,r.durand@fnccr.asso.fr
ENERCOOP,ENERCOOP,Paris,https://cler.org/outils/offresemploi/stage-juriste-droit-des-affaires-fh/,recrutement@enercoop.org
Geophom,Geophom,Oudon,https://cler.org/outils/offresemploi/charge-e-detude-photomontage-eolien/,recrutement@geophom.fr
SIEEEN,SIEEEN,NEVERS,https://cler.org/outils/offresemploi/charge-e-doperations-photovoltaique/,ressources.humaines@sieeen.fr
SYDELA,SYDELA,Orvault (44),https://cler.org/outils/offresemploi/2-charge%c2%b7es-de-mission-maitrise-de-lenergie/,contacts@sydela.fr
SYNDICAT DEPARTEMENTAL D'ENERGIE DES COTES D'ARMOR,SYNDICAT DEPARTEMENTAL D'ENERGIE DES COTES D'ARMOR,SAINT BRIEUC,https://cler.org/outils/offresemploi/charge-e-de-mission-achats-denergie/,
SICECO,SICECO,DIJON,https://cler.org/outils/offresemploi/technicien-ne-superieur-en-energie-conseiller-en-energie-partage-cep/,nhermand@siceco.fr
Parc naturel régional du Vexin français,Parc naturel régional du Vexin français,THEMERICOURT,https://cler.org/outils/offresemploi/charge-e-de-mission-eco-construction-et-renovation-du-patrimoine-bati/,p.gautier@pnr-vexin-francais.fr
